Provinsi,Kota,Jumlah AHH,AHH,Jumlah RLS,RLS,Jumlah HLS,HLS,Pengeluaran,PPK,Jumlah IPM,IPM
Aceh,Simeuleu,"69,57",Sedang,"9,81",Sedang,"14,28",Tinggi,"7.686,00",Rendah,"68,06",Sedang
Aceh,Aceh Singkil,"69,85",Sedang,"8,7",Sedang,"14,35",Tinggi,"9.374,00",Sedang,"70,14",Tinggi
Aceh,Aceh Selatan,"70,33",Tinggi,"8,91",Sedang,"14,7",Tinggi,"8.712,00",Sedang,"68,44",Sedang
Aceh,Aceh Tenggara,"72,62",Tinggi,"10,09",Tinggi,"14,27",Tinggi,"8.566,00",Sedang,"71,05",Tinggi
Aceh,Aceh Timur,"72,13",Tinggi,"8,47",Sedang,"13,07",Tinggi,"9.436,00",Sedang,"69,32",Sedang
Aceh,Aceh Tengah,"72,93",Tinggi,"9,89",Sedang,"14,85",Tinggi,"11.323,00",Tinggi,"74,6",Tinggi
Aceh,Aceh Barat,"71,89",Tinggi,"9,98",Sedang,"14,64",Tinggi,"10.085,00",Tinggi,"72,88",Tinggi
Aceh,Aceh Besar,"73,11",Tinggi,"10,36",Tinggi,"14,76",Tinggi,"10.309,00",Tinggi,"74,53",Tinggi
Aceh,Pidie,"69,88",Sedang,"9,03",Sedang,"14,5",Tinggi,"10.584,00",Tinggi,"71,66",Tinggi
Aceh,Bireuen,"73,66",Tinggi,"9,32",Sedang,"14,87",Tinggi,"9.758,00",Sedang,"73,63",Tinggi
Aceh,Acceh Utara,"72,63",Tinggi,"8,85",Sedang,"14,74",Tinggi,"8.970,00",Sedang,"70,87",Tinggi
Aceh,Aceh Barat Daya,"70,47",Tinggi,"8,77",Sedang,"13,67",Tinggi,"9.043,00",Sedang,"68,07",Sedang
Aceh,Gayo Lues,"69,8",Sedang,"8,42",Sedang,"14,34",Tinggi,"9.407,00",Sedang,"68,93",Sedang
Aceh,Aceh Tamiang,"73,63",Tinggi,"9,24",Sedang,"14,23",Tinggi,"9.050,00",Sedang,"71,35",Tinggi
Aceh,Nagan Raya,"72,53",Tinggi,"8,96",Sedang,"14,17",Tinggi,"9.062,00",Sedang,"70,78",Tinggi
Aceh,Aceh Jaya,"70,76",Tinggi,"8,74",Sedang,"14,02",Tinggi,"10.461,00",Tinggi,"70,88",Tinggi
Aceh,Bener Meriah,"72,85",Tinggi,"10,12",Tinggi,"13,72",Tinggi,"11.855,00",Tinggi,"74,49",Tinggi
Aceh,Pidie Jaya,"73,16",Tinggi,"9,58",Sedang,"14,99",Tinggi,"11.005,00",Tinggi,"74,8",Tinggi
Aceh,Kota Banda Aceh,"75,02",Tinggi,"13,04",Tinggi,"17,93",Tinggi,"17.521,00",Tinggi,"86,69",Sangat Tinggi
Aceh,Kota Sabang,"73,34",Tinggi,"11,2",Tinggi,"14,68",Tinggi,"12.137,00",Tinggi,"77,52",Tinggi
Aceh,Kota Langsa,"73,98",Tinggi,"11,27",Tinggi,"15,7",Tinggi,"12.678,00",Tinggi,"78,36",Tinggi
Aceh,Kota Lhokseumawe,"74,76",Tinggi,"11,27",Tinggi,"15,54",Tinggi,"12.125,00",Tinggi,"78,92",Tinggi
Aceh,Kota Subulussalam,"69,68",Sedang,"8,32",Sedang,"15,06",Tinggi,"8.065,00",Sedang,"67,1",Sedang
Sumatera Utara,Nias,"71,74",Tinggi,"6,14",Rendah,"13,3",Tinggi,"7.301,00",Rendah,"64,56",Sedang
Sumatera Utara,Mandailing Natal,"71,72",Tinggi,"8,84",Sedang,"13,86",Tinggi,"10.251,00",Tinggi,"68,56",Sedang
Sumatera Utara,Tapanuli Selatan,"71,61",Tinggi,"9,51",Sedang,"13,58",Tinggi,"11.829,00",Tinggi,"71,55",Tinggi
Sumatera Utara,Tapanuli Tengah,"71,76",Tinggi,"8,87",Sedang,"13,49",Tinggi,"10.690,00",Tinggi,"70,91",Tinggi
Sumatera Utara,Tapanuli Utara,"74,1",Tinggi,"10,09",Tinggi,"13,73",Tinggi,"12.115,00",Tinggi,"74,65",Tinggi
Sumatera Utara,Toba Samosir,"74,22",Tinggi,"10,59",Tinggi,"13,59",Tinggi,"12.676,00",Tinggi,"76,38",Tinggi
Sumatera Utara,Labuhan Batu,"72,88",Tinggi,"9,49",Sedang,"13,25",Tinggi,"11.670,00",Tinggi,"73,69",Tinggi
Sumatera Utara,Asahan,"73,39",Tinggi,"8,83",Sedang,"12,64",Tinggi,"11.795,00",Tinggi,"71,56",Tinggi
Sumatera Utara,Simalungun,"74,08",Tinggi,"9,72",Sedang,"12,82",Tinggi,"11.746,00",Tinggi,"74,29",Tinggi
Sumatera Utara,Dairi,"74,13",Tinggi,"9,88",Sedang,"13,32",Tinggi,"10.969,00",Tinggi,"73,27",Tinggi
Sumatera Utara,karo,"74,16",Tinggi,"10,03",Tinggi,"13,25",Tinggi,"12.779,00",Tinggi,"75,98",Tinggi
Sumatera Utara,Deli Serdang,"73,65",Tinggi,"10,28",Tinggi,"13,39",Tinggi,"12.890,00",Tinggi,"76,52",Tinggi
Sumatera Utara,Langkat,"74,14",Tinggi,"8,73",Sedang,"13,27",Tinggi,"11.632,00",Tinggi,"72,21",Tinggi
Sumatera Utara,Nias Selatan,"71,61",Tinggi,"6,48",Rendah,"12,78",Tinggi,"7.299,00",Rendah,"64,12",Sedang
Sumatera Utara,Humbang Hasundutan,"74,07",Tinggi,"10,01",Tinggi,"13,32",Tinggi,"8.476,00",Sedang,"70,75",Tinggi
Sumatera Utara,Pakpak Bharat,"72,61",Tinggi,"9,61",Sedang,"13,9",Tinggi,"8.764,00",Sedang,"69,58",Sedang
Sumatera Utara,Samosir,"74,1",Tinggi,"9,47",Sedang,"13,51",Tinggi,"9.158,00",Sedang,"72,08",Tinggi
Sumatera Utara,Serdang Bedagai,"73,11",Tinggi,"8,85",Sedang,"12,64",Tinggi,"11.695,00",Tinggi,"71,75",Tinggi
Sumatera Utara,Batu Bara,"72,63",Tinggi,"8,5",Sedang,"13,11",Tinggi,"10.933,00",Tinggi,"70,31",Tinggi
Sumatera Utara,Padang Lawas Utara,"71,57",Tinggi,"9,55",Sedang,"13,53",Tinggi,"10.615,00",Tinggi,"71,63",Tinggi
Sumatera Utara,Padang Lawas Utara,"71,52",Tinggi,"9,43",Sedang,"13,7",Tinggi,"9.395,00",Sedang,"70,34",Tinggi
Sumatera Utara,Labuhan Batu Selatan,"72,46",Tinggi,"8,93",Sedang,"13,42",Tinggi,"11.950,00",Tinggi,"72,82",Tinggi
Sumatera Utara,Labuhan Batu Utara,"74,06",Tinggi,"8,87",Sedang,"13,57",Tinggi,"12.429,00",Tinggi,"73,63",Tinggi
Sumatera Utara,Nias Utara,"72,12",Tinggi,"6,85",Rendah,"13,36",Tinggi,"6.788,00",Rendah,"64,64",Sedang
Sumatera Utara,Nias Barat,"72,3",Tinggi,"7,07",Sedang,"12,98",Tinggi,"6.382,00",Rendah,"63,7",Sedang
Sumatera Utara,Kota Sibolga,"74,02",Tinggi,"10,44",Tinggi,"13,42",Tinggi,"12.285,00",Tinggi,"75,2",Tinggi
Sumatera Utara,Kota Tanjung Balai,"74,01",Tinggi,"9,68",Sedang,"13,14",Tinggi,"11.753,00",Tinggi,"70,59",Tinggi
Sumatera Utara,Kota Pematang Siantar,"74,75",Tinggi,"11,58",Tinggi,"14,6",Tinggi,"12.984,00",Tinggi,"80,46",Sangat Tinggi
Sumatera Utara,Kota Tebing Tinggi,"74,07",Tinggi,"10,86",Tinggi,"13,12",Tinggi,"13.385,00",Tinggi,"76,98",Tinggi
Sumatera Utara,Kota Medan,"74,76",Tinggi,"11,62",Tinggi,"14,78",Tinggi,"15.674,00",Tinggi,"82,19",Sangat Tinggi
Sumatera Utara,Kota Binjai,"74,18",Tinggi,"11,19",Tinggi,"14,17",Tinggi,"11.567,00",Tinggi,"77,6",Tinggi
Sumatera Utara,Kota Padang Sidimpuan,"73,54",Tinggi,"11,12",Tinggi,"14,59",Tinggi,"11.552,00",Tinggi,"76,44",Tinggi
Sumatera Utara,Kota Gunung Sitoli,"74,03",Tinggi,"8,65",Sedang,"13,78",Tinggi,"8.635,00",Sedang,"70,68",Tinggi
Sumatera Barat,Kepulauan Mentawai,"71,06",Tinggi,"7,76",Sedang,"12,9",Tinggi,"6.891,00",Rendah,"63,13",Sedang
Sumatera Barat,Pesisir Selatan,"73,27",Tinggi,"8,58",Sedang,"13,36",Tinggi,"9.953,00",Sedang,"71,44",Tinggi
Sumatera Barat,Solok,"72,31",Tinggi,"7,9",Sedang,"13,55",Tinggi,"10.717,00",Tinggi,"70,63",Tinggi
Sumatera Barat,Sijunjung,"72,59",Tinggi,"8,57",Sedang,"12,72",Tinggi,"11.018,00",Tinggi,"69,65",Sedang
Sumatera Barat,Tanah Datar,"74,19",Tinggi,"9,02",Sedang,"14,78",Tinggi,"10.905,00",Tinggi,"73,98",Tinggi
Sumatera Barat,Padang Pariaman,"73,77",Tinggi,"8,41",Sedang,"14,19",Tinggi,"11.432,00",Tinggi,"72,61",Tinggi
Sumatera Barat,Agam,"74,22",Tinggi,"9,22",Sedang,"13,89",Tinggi,"10.402,00",Tinggi,"73,98",Tinggi
Sumatera Barat,Lima Puluh Kota,"73,25",Tinggi,"8,12",Sedang,"13,41",Tinggi,"10.285,00",Tinggi,"70,7",Tinggi
Sumatera Barat,Pasaman,"72,04",Tinggi,"8,13",Sedang,"13,25",Tinggi,"8.908,00",Sedang,"68,13",Sedang
Sumatera Barat,Solok Selatan,"72,22",Tinggi,"8,69",Sedang,"12,8",Tinggi,"10.884,00",Tinggi,"70,58",Tinggi
Sumatera Barat,Dhamasraya,"74,04",Tinggi,"8,71",Sedang,"12,68",Tinggi,"11.901,00",Tinggi,"73,04",Tinggi
Sumatera Barat,Pasaman Barat,"72,44",Tinggi,"8,81",Sedang,"13,7",Tinggi,"9.538,00",Sedang,"70,19",Tinggi
Sumatera Barat,Kota Padang,"74,94",Tinggi,"11,62",Tinggi,"16,56",Tinggi,"15.089,00",Tinggi,"83,58",Sangat Tinggi
Sumatera Barat,Kota Solok,"74,56",Tinggi,"11,36",Tinggi,"14,36",Tinggi,"12.709,00",Tinggi,"79,58",Tinggi
Sumatera Barat,Kota Sawah Lunto,"73,79",Tinggi,"10,44",Tinggi,"13,69",Tinggi,"10.829,00",Tinggi,"74,42",Tinggi
Sumatera Barat,Kota Padang Panjang,"74,24",Tinggi,"11,94",Tinggi,"15,29",Tinggi,"11.310,00",Tinggi,"79,26",Tinggi
Sumatera Barat,Kota Bukit Tinggi,"75,33",Tinggi,"11,64",Tinggi,"15,01",Tinggi,"13.859,00",Tinggi,"81,78",Sangat Tinggi
Sumatera Barat,Kota Payakumbuh,"74,77",Tinggi,"10,88",Tinggi,"14,3",Tinggi,"13.978,00",Tinggi,"79,97",Tinggi
Sumatera Barat,Kota Pariaman,"74,2",Tinggi,"10,79",Tinggi,"14,79",Tinggi,"13.355,00",Tinggi,"78,13",Tinggi
Riau,Kuantan Singingi,"72,68",Tinggi,"8,9",Sedang,"13,37",Tinggi,"10.945,00",Tinggi,"71,67",Tinggi
Riau,Indragiri Hulu,"73,38",Tinggi,"8,42",Sedang,"12,59",Tinggi,"10.957,00",Tinggi,"71,04",Tinggi
Riau,Indragiri Hilir,"72,27",Tinggi,"7,31",Sedang,"12,2",Tinggi,"10.659,00",Tinggi,"67,98",Sedang
Riau,Pelalawan,"74,37",Tinggi,"8,73",Sedang,"12,9",Tinggi,"12.399,00",Tinggi,"73,59",Tinggi
Riau,Siak,"73,72",Tinggi,"9,88",Sedang,"12,86",Tinggi,"12.637,00",Tinggi,"74,98",Tinggi
Riau,Kampar,"74,29",Tinggi,"9,4",Sedang,"13,6",Tinggi,"11.662,00",Tinggi,"74,24",Tinggi
Riau,Rokan Hulu,"73,59",Tinggi,"8,81",Sedang,"12,88",Tinggi,"10.055,00",Tinggi,"71,02",Tinggi
Riau,Bengkalis,"73,88",Tinggi,"9,73",Sedang,"13,34",Tinggi,"12.153,00",Tinggi,"74,97",Tinggi
Riau,Rokan Hilir,"73,64",Tinggi,"8,52",Sedang,"12,88",Tinggi,"10.097,00",Tinggi,"70,78",Tinggi
Riau,Kepulauan Meranti,"72,14",Tinggi,"7,99",Sedang,"12,86",Tinggi,"8.613,00",Sedang,"67,28",Sedang
Riau,Kota Pekanbaru,"75,55",Tinggi,"11,94",Tinggi,"15,58",Tinggi,"14.983,00",Tinggi,"82,38",Sangat Tinggi
Riau,Kota Dumai,"73,31",Tinggi,"10,16",Tinggi,"13,33",Tinggi,"12.457,00",Tinggi,"75,66",Tinggi
Jambi,Kerinci,"73,18",Tinggi,"8,59",Sedang,"13,91",Tinggi,"10.965,00",Tinggi,"72,54",Tinggi
Jambi,Merangin,"73,97",Tinggi,"8,13",Sedang,"12,25",Tinggi,"10.969,00",Tinggi,"70,81",Tinggi
Jambi,Sarolangun,"73,46",Tinggi,"8,14",Sedang,"12,48",Tinggi,"12.392,00",Tinggi,"71,29",Tinggi
Jambi,Batang Hari,"74,48",Tinggi,"8,22",Sedang,"12,96",Tinggi,"10.528,00",Tinggi,"71,02",Tinggi
Jambi,Muaro Jambi,"74,55",Tinggi,"8,69",Sedang,"13,15",Tinggi,"9.525,00",Sedang,"71,04",Tinggi
Jambi,Tanjung Jabung Timur,"74,09",Tinggi,"7,43",Sedang,"12,2",Tinggi,"9.898,00",Sedang,"66,65",Sedang
Jambi,Tanjung Jabung Barat,"73,21",Tinggi,"8,31",Sedang,"12,67",Tinggi,"10.229,00",Tinggi,"69,35",Sedang
Jambi,Tebo,"73,45",Tinggi,"7,94",Sedang,"12,92",Tinggi,"10.894,00",Tinggi,"70,63",Tinggi
Jambi,Bungo,"73,76",Tinggi,"8,39",Sedang,"12,66",Tinggi,"12.224,00",Tinggi,"71,06",Tinggi
Jambi,Kota Jambi,"74,85",Tinggi,"11,32",Tinggi,"15,54",Tinggi,"12.783,00",Tinggi,"80,15",Sangat Tinggi
Jambi,Kota Sungai Penuh,"74,01",Tinggi,"10,36",Tinggi,"14,83",Tinggi,"11.027,00",Tinggi,"76,65",Tinggi
Sumatera Selatan,Ogan Komering Ulu,"73,44",Tinggi,"8,85",Sedang,"12,99",Tinggi,"10.859,00",Tinggi,"71,01",Tinggi
Sumatera Selatan,Ogan Komering Ilir,"74,09",Tinggi,"7,08",Sedang,"11,97",Sedang,"11.736,00",Tinggi,"68,65",Sedang
Sumatera Selatan,Muara Enim,"74,29",Tinggi,"8,14",Sedang,"12,01",Tinggi,"11.683,00",Tinggi,"70,24",Tinggi
Sumatera Selatan,Lahat,"73,36",Tinggi,"8,56",Sedang,"12,44",Tinggi,"10.811,00",Tinggi,"69,1",Sedang
Sumatera Selatan,Musi Rawas,"73,96",Tinggi,"7,56",Sedang,"12,22",Tinggi,"10.429,00",Tinggi,"68,26",Sedang
Sumatera Selatan,Musi Banyuasin,"74,22",Tinggi,"7,68",Sedang,"12,31",Tinggi,"10.862,00",Tinggi,"69,17",Sedang
Sumatera Selatan,Banyu Asin,"74,29",Tinggi,"7,46",Sedang,"12,09",Tinggi,"10.731,00",Tinggi,"68,65",Sedang
Sumatera Selatan,Ogan Komering Ulu Selatan,"73,21",Tinggi,"8,05",Sedang,"11,79",Sedang,"9.176,00",Sedang,"66,67",Sedang
Sumatera Selatan,Ogan Komering Ulu Timur,"74,31",Tinggi,"8,07",Sedang,"12,47",Tinggi,"12.046,00",Tinggi,"70,96",Tinggi
Sumatera Selatan,Ogan Ilir,"73,2",Tinggi,"8,08",Sedang,"12,41",Tinggi,"11.456,00",Tinggi,"68,76",Sedang
Sumatera Selatan,Empat Lawang,"70,81",Tinggi,"7,66",Sedang,"12,1",Tinggi,"10.375,00",Tinggi,"66,68",Sedang
Sumatera Selatan,Penukal Abab Lematang Ilir,"73,84",Tinggi,"7,08",Sedang,"12,49",Tinggi,"9.139,00",Sedang,"66,64",Sedang
Sumatera Selatan,Musi Rawas Utara,"73,01",Tinggi,"7,5",Sedang,"11,7",Sedang,"10.631,00",Tinggi,"66,6",Sedang
Sumatera Selatan,Kota Palembang,"75,37",Tinggi,"10,92",Tinggi,"14,45",Tinggi,"15.592,00",Tinggi,"80,02",Sangat Tinggi
Sumatera Selatan,Kota Prabumulih,"74,58",Tinggi,"10,35",Tinggi,"13,31",Tinggi,"13.494,00",Tinggi,"76,46",Tinggi
Sumatera Selatan,Kota Pagar Alam,"73,61",Tinggi,"9,43",Sedang,"13,49",Tinggi,"9.683,00",Sedang,"70,45",Tinggi
Sumatera Selatan,Kota Lubuklinggau,"74,67",Tinggi,"9,93",Sedang,"13,55",Tinggi,"14.211,00",Tinggi,"76,19",Tinggi
Bengkulu,Bengkulu Selatan,"72,87",Tinggi,"9,41",Sedang,"13,65",Tinggi,"10.657,00",Tinggi,"71,91",Tinggi
Bengkulu,Rejang Lebong,"73,67",Tinggi,"8,8",Sedang,"14,19",Tinggi,"10.848,00",Tinggi,"72,31",Tinggi
Bengkulu,Bengkulu Utara,"73,03",Tinggi,"8,11",Sedang,"12,91",Tinggi,"11.188,00",Tinggi,"70,28",Tinggi
Bengkulu,Kaur,"72,74",Tinggi,"8,41",Sedang,"13,14",Tinggi,"9.365,00",Sedang,"68,38",Sedang
Bengkulu,Seluma,"72,71",Tinggi,"8,13",Sedang,"13,32",Tinggi,"8.949,00",Sedang,"68,27",Sedang
Bengkulu,Mukomuko,"73,71",Tinggi,"8,56",Sedang,"12,86",Tinggi,"11.075,00",Tinggi,"69,97",Sedang
Bengkulu,Lebong,"72,59",Tinggi,"8,26",Sedang,"12,9",Tinggi,"12.012,00",Tinggi,"68,71",Sedang
Bengkulu,Kepahiang,"72,26",Tinggi,"8,36",Sedang,"13,14",Tinggi,"10.044,00",Tinggi,"69,6",Sedang
Bengkulu,Bengkulu Tengah,"72,46",Tinggi,"7,51",Sedang,"13,46",Tinggi,"10.114,00",Tinggi,"68,99",Sedang
Bengkulu,Kota Bengkulu,"74,43",Tinggi,"11,83",Tinggi,"16,06",Tinggi,"14.924,00",Tinggi,"81,45",Sangat Tinggi
Lampung,Lampung Barat,"73,78",Tinggi,"8,36",Sedang,"12,29",Tinggi,"10.593,00",Tinggi,"69,11",Sedang
Lampung,Tanggamus,"73,87",Tinggi,"7,36",Sedang,"12,31",Tinggi,"10.038,00",Tinggi,"67,86",Sedang
Lampung,Lampung Selatan,"74,22",Tinggi,"7,77",Sedang,"12,64",Tinggi,"10.617,00",Tinggi,"69,63",Sedang
Lampung,Lampung Timur,"73,95",Tinggi,"8,14",Sedang,"12,97",Tinggi,"10.812,00",Tinggi,"71,21",Tinggi
Lampung,Lampung Tengah,"74,17",Tinggi,"7,81",Sedang,"13,04",Tinggi,"12.195,00",Tinggi,"71,6",Tinggi
Lampung,Lampung Utara,"73,91",Tinggi,"8,36",Sedang,"12,55",Tinggi,"9.374,00",Sedang,"68,95",Sedang
Lampung,Way Kanan,"74,11",Tinggi,"7,74",Sedang,"12,43",Tinggi,"9.887,00",Sedang,"68,63",Sedang
Lampung,Tulangbawang,"73,81",Tinggi,"7,57",Sedang,"12,29",Tinggi,"11.552,00",Tinggi,"70,02",Tinggi
Lampung,Pesawaran,"73,8",Tinggi,"7,99",Sedang,"12,62",Tinggi,"8.633,00",Sedang,"67,67",Sedang
Lampung,Pringsewu,"74,33",Tinggi,"8,42",Sedang,"12,92",Tinggi,"11.016,00",Tinggi,"71,61",Tinggi
Lampung,Mesuji,"73,71",Tinggi,"7,11",Sedang,"11,81",Sedang,"8.947,00",Sedang,"65,64",Sedang
Lampung,Tulang Bawang Barat,"74,02",Tinggi,"7,79",Sedang,"12,1",Tinggi,"9.162,00",Sedang,"67,81",Sedang
Lampung,Pesisir Barat,"73,75",Tinggi,"8,7",Sedang,"12,14",Tinggi,"9.102,00",Sedang,66,Sedang
Lampung,Kota Bandar Lampung,"74,53",Tinggi,"10,97",Tinggi,"14,72",Tinggi,"13.092,00",Tinggi,"78,56",Tinggi
Lampung,Kota Metro,"75,14",Tinggi,11,Tinggi,"14,77",Tinggi,"12.618,00",Tinggi,"78,36",Tinggi
Kep.Bangka Belitung,Bangka,"73,03",Tinggi,"8,32",Sedang,"13,11",Tinggi,"13.146,00",Tinggi,"73,66",Tinggi
Kep.Bangka Belitung,Belitung,"72,52",Tinggi,"8,98",Sedang,"11,9",Sedang,"14.365,00",Tinggi,"74,02",Tinggi
Kep.Bangka Belitung,Bangka Barat,"71,91",Tinggi,"7,47",Sedang,"11,73",Sedang,"13.105,00",Tinggi,"70,45",Tinggi
Kep.Bangka Belitung,Bangka Tengah,"73,54",Tinggi,"7,23",Sedang,"12,12",Tinggi,"13.643,00",Tinggi,"71,71",Tinggi
Kep.Bangka Belitung,Bangka Selatan,"71,51",Tinggi,"6,91",Rendah,"11,59",Sedang,"12.627,00",Tinggi,"68,51",Sedang
Kep.Bangka Belitung,Belitung Timur,"73,57",Tinggi,"8,9",Sedang,"11,66",Sedang,"12.536,00",Tinggi,"72,86",Tinggi
Kep.Bangka Belitung,Kota Pangkal Pinang,"75,01",Tinggi,"10,5",Tinggi,"13,19",Tinggi,"16.734,00",Tinggi,"79,93",Tinggi
Kep.Riau,Karimun,"74,58",Tinggi,"8,69",Sedang,"12,61",Tinggi,"12.756,00",Tinggi,"73,51",Tinggi
Kep.Riau,Bintan,"74,82",Tinggi,"8,92",Sedang,"13,44",Tinggi,"14.882,00",Tinggi,"75,7",Tinggi
Kep.Riau,Natuna,"74,15",Tinggi,"9,08",Sedang,"13,93",Tinggi,"15.409,00",Tinggi,"74,21",Tinggi
Kep.Riau,Lingga,"73,45",Tinggi,"7,35",Sedang,"12,63",Tinggi,"12.485,00",Tinggi,"67,44",Sedang
Kep.Riau,Kepulauan Anambas,"73,5",Tinggi,"7,4",Sedang,"13,05",Tinggi,"12.495,00",Tinggi,"70,26",Tinggi
Kep.Riau,Kota Batam,"74,98",Tinggi,"11,19",Tinggi,"13,34",Tinggi,"18.990,00",Tinggi,"82,11",Sangat Tinggi
Kep.Riau,Kota Tanjung Pinang,"74,68",Tinggi,"10,65",Tinggi,"14,15",Tinggi,"16.213,00",Tinggi,"80,23",Sangat Tinggi
DKI Jakarta,Kep. Seribu,"74,89",Tinggi,"9,03",Sedang,"12,66",Tinggi,"13.523,00",Tinggi,"73,39",Tinggi
DKI Jakarta,Kota Jakarta Selatan,"76,02",Tinggi,"11,75",Tinggi,"13,66",Tinggi,"24.975,00",Tinggi,"86,07",Sangat Tinggi
DKI Jakarta,Kota Jakarta Timur,"75,37",Tinggi,"11,88",Tinggi,"14,06",Tinggi,"18.712,00",Tinggi,"84,13",Sangat Tinggi
DKI Jakarta,Kota Jakarta Pusat,"76,34",Tinggi,"11,54",Tinggi,"13,29",Tinggi,"18.202,00",Tinggi,"82,53",Sangat Tinggi
DKI Jakarta,Kota Jakarta Barat,"75,81",Tinggi,"11,23",Tinggi,"12,87",Tinggi,"21.709,00",Tinggi,"83,02",Sangat Tinggi
DKI Jakarta,Kota Jakarta Utara,"75,07",Tinggi,"10,84",Tinggi,"12,67",Tinggi,"19.617,00",Tinggi,"81,11",Sangat Tinggi
Jawa Barat,Bogor,"74,67",Tinggi,"8,37",Sedang,"12,64",Tinggi,"11.153,00",Tinggi,"71,78",Tinggi
Jawa Barat,Sukabumi,"74,65",Tinggi,"7,33",Sedang,"12,38",Tinggi,"9.482,00",Sedang,"68,49",Sedang
Jawa Barat,Cianjur,"74,61",Tinggi,"7,22",Sedang,"12,03",Tinggi,"8.626,00",Sedang,"66,55",Sedang
Jawa Barat,Bandung,"74,92",Tinggi,"9,1",Sedang,"12,73",Tinggi,"11.018,00",Tinggi,"73,74",Tinggi
Jawa Barat,Garut,"74,66",Tinggi,"7,84",Sedang,"12,16",Tinggi,"8.685,00",Sedang,"68,11",Sedang
Jawa Barat,Tasikmalaya,"73,87",Tinggi,"7,96",Sedang,"12,63",Tinggi,"8.562,00",Sedang,"67,76",Sedang
Jawa Barat,Ciamis,"74,96",Tinggi,"8,09",Sedang,"14,29",Tinggi,"9.750,00",Sedang,"72,05",Tinggi
Jawa Barat,Kuningan,"74,91",Tinggi,"7,89",Sedang,"12,26",Tinggi,"10.011,00",Tinggi,"70,72",Tinggi
Jawa Barat,Cirebon,"74,71",Tinggi,"7,64",Sedang,"12,41",Tinggi,"11.128,00",Tinggi,"70,95",Tinggi
Jawa Barat,Majalengka,"74,73",Tinggi,"7,52",Sedang,"12,26",Tinggi,"10.340,00",Tinggi,"69,13",Sedang
Jawa Barat,Sumedang,"75,04",Tinggi,"8,73",Sedang,"13,01",Tinggi,"11.136,00",Tinggi,"73,18",Tinggi
Jawa Barat,Indramayu,"74,61",Tinggi,"6,94",Rendah,"12,29",Tinggi,"10.580,00",Tinggi,"69,25",Sedang
Jawa Barat,Subang,"74,87",Tinggi,"7,45",Sedang,"11,91",Sedang,"11.537,00",Tinggi,"70,7",Tinggi
Jawa Barat,Purwakarta,"74,67",Tinggi,"8,13",Sedang,"12,18",Tinggi,"12.619,00",Tinggi,"72,09",Tinggi
Jawa Barat,Karawang,"74,9",Tinggi,"8,04",Sedang,"12,2",Tinggi,"12.392,00",Tinggi,"72,35",Tinggi
Jawa Barat,Bekasi,"75,09",Tinggi,"9,57",Sedang,"13,17",Tinggi,"12.123,00",Tinggi,"75,76",Tinggi
Jawa Barat,Bandung Barat,"74,78",Tinggi,"8,23",Sedang,"11,91",Sedang,"9.392,00",Sedang,"69,61",Sedang
Jawa Barat,Pangandaran,"74,88",Tinggi,"8,04",Sedang,"12,3",Tinggi,"9.406,00",Sedang,"69,38",Sedang
Jawa Barat,Kota Bogor,"75,52",Tinggi,"10,64",Tinggi,"13,45",Tinggi,"12.656,00",Tinggi,"77,85",Tinggi
Jawa Barat,Kota Sukabumi,"74,89",Tinggi,"10,37",Tinggi,"13,6",Tinggi,"11.799,00",Tinggi,"76,32",Tinggi
Jawa Barat,Kota Bandung,"75,53",Tinggi,"11,06",Tinggi,"14,24",Tinggi,"18.236,00",Tinggi,"83,04",Sangat Tinggi
Jawa Barat,Kota Cirebon,"75,17",Tinggi,"10,37",Tinggi,"13,16",Tinggi,"12.506,00",Tinggi,"76,46",Tinggi
Jawa Barat,Kota Bekasi,"75,86",Tinggi,"11,66",Tinggi,"14,12",Tinggi,"16.479,00",Tinggi,"83,03",Sangat Tinggi
Jawa Barat,Kota Depok,"75,53",Tinggi,"11,58",Tinggi,"13,96",Tinggi,"16.279,00",Tinggi,"82,38",Sangat Tinggi
Jawa Barat,Kota Cimahi,"75,27",Tinggi,"11,39",Tinggi,"13,84",Tinggi,"12.883,00",Tinggi,"79,46",Tinggi
Jawa Barat,Kota Tasikmalaya,"75,08",Tinggi,"9,54",Sedang,"13,49",Tinggi,"11.063,00",Tinggi,"74,47",Tinggi
Jawa Barat,Kota Banjar,"74,77",Tinggi,"8,79",Sedang,"13,27",Tinggi,"11.356,00",Tinggi,"73,08",Tinggi
Jawa Tengah,Cilacap,"74,73",Tinggi,"7,39",Sedang,"12,67",Tinggi,"11.432,00",Tinggi,"71,83",Tinggi
Jawa Tengah,Banyumas,"74,2",Tinggi,"7,87",Sedang,"13,26",Tinggi,"12.492,00",Tinggi,"73,86",Tinggi
Jawa Tengah,Purbalingga,"73,98",Tinggi,"7,34",Sedang,"12,02",Tinggi,"10.964,00",Tinggi,"70,24",Tinggi
Jawa Tengah,Banjarnegara,"74,5",Tinggi,"6,86",Rendah,"11,82",Sedang,"10.226,00",Tinggi,"69,14",Sedang
Jawa Tengah,Kebumen,"74,98",Tinggi,"7,86",Sedang,"13,37",Tinggi,"9.734,00",Sedang,"71,37",Tinggi
Jawa Tengah,Purworejo,"75,37",Tinggi,"8,46",Sedang,"13,53",Tinggi,"11.110,00",Tinggi,"74,28",Tinggi
Jawa Tengah,Wonosobo,"74,01",Tinggi,"6,89",Rendah,"11,8",Sedang,"11.577,00",Tinggi,"69,37",Sedang
Jawa Tengah,Magelang,"74,44",Tinggi,"7,82",Sedang,"12,61",Tinggi,"10.493,00",Tinggi,"71,45",Tinggi
Jawa Tengah,Boyolali,"76,23",Tinggi,"8,09",Sedang,"12,66",Tinggi,"13.716,00",Tinggi,"75,41",Tinggi
Jawa Tengah,Klaten,"77,07",Tinggi,"9,27",Sedang,"13,41",Tinggi,"12.968,00",Tinggi,"77,59",Tinggi
Jawa Tengah,Sukoharjo,"77,86",Tinggi,"9,84",Sedang,"13,91",Tinggi,"12.319,00",Tinggi,"78,65",Tinggi
Jawa Tengah,Wonogiri,"76,56",Tinggi,"7,67",Sedang,"12,52",Tinggi,"10.283,00",Tinggi,"71,97",Tinggi
Jawa Tengah,Karanganyar,"77,72",Tinggi,"9,02",Sedang,"13,71",Tinggi,"12.260,00",Tinggi,"77,31",Tinggi
Jawa Tengah,Sragen,"75,97",Tinggi,"7,87",Sedang,"12,92",Tinggi,"13.439,00",Tinggi,"75,1",Tinggi
Jawa Tengah,Grobogan,"75,04",Tinggi,"7,28",Sedang,"12,46",Tinggi,"11.083,00",Tinggi,"71,49",Tinggi
Jawa Tengah,Blora,"74,71",Tinggi,"7,08",Sedang,"12,51",Tinggi,"10.541,00",Tinggi,"70,63",Tinggi
Jawa Tengah,Rembang,"74,77",Tinggi,"7,72",Sedang,"12,15",Tinggi,"11.399,00",Tinggi,"71,89",Tinggi
Jawa Tengah,Pati,"76,39",Tinggi,"7,8",Sedang,"12,96",Tinggi,"11.385,00",Tinggi,"73,59",Tinggi
Jawa Tengah,Kudus,"76,86",Tinggi,"9,34",Sedang,"13,26",Tinggi,"12.088,00",Tinggi,"76,71",Tinggi
Jawa Tengah,Jepara,"76,04",Tinggi,"8,26",Sedang,"12,85",Tinggi,"11.306,00",Tinggi,"73,85",Tinggi
Jawa Tengah,Demak,"75,6",Tinggi,"8,27",Sedang,"13,34",Tinggi,"11.166,00",Tinggi,"74,07",Tinggi
Jawa Tengah,Semarang,"75,95",Tinggi,"8,07",Sedang,"13,05",Tinggi,"12.943,00",Tinggi,"75,13",Tinggi
Jawa Tengah,Temanggung,"75,77",Tinggi,"7,5",Sedang,"12,61",Tinggi,"10.108,00",Tinggi,"71,33",Tinggi
Jawa Tengah,Kendal,"74,58",Tinggi,"7,73",Sedang,"12,99",Tinggi,"12.755,00",Tinggi,"73,86",Tinggi
Jawa Tengah,Batang,"74,85",Tinggi,"7,07",Sedang,"12,15",Tinggi,"10.470,00",Tinggi,"70,2",Tinggi
Jawa Tengah,Pekalongan,"73,99",Tinggi,"7,47",Sedang,"12,44",Tinggi,"11.297,00",Tinggi,"71,4",Tinggi
Jawa Tengah,Pemalang,"73,98",Tinggi,"6,55",Rendah,"12,01",Tinggi,"9.587,00",Sedang,"68,03",Sedang
Jawa Tengah,Tegal,"74,01",Tinggi,"7,34",Sedang,"12,92",Tinggi,"10.537,00",Tinggi,"70,23",Tinggi
Jawa Tengah,Brebes,"73,95",Tinggi,"6,4",Rendah,"12,44",Tinggi,"10.993,00",Tinggi,"67,95",Sedang
Jawa Tengah,Kota Magelang,"77,22",Tinggi,"11,2",Tinggi,"14,4",Tinggi,"13.175,00",Tinggi,"81,17",Sangat Tinggi
Jawa Tengah,Kota Surakarta,"77,63",Tinggi,11,Tinggi,"14,9",Tinggi,"15.870,00",Tinggi,"83,54",Sangat Tinggi
Jawa Tengah,Kota Salatiga,"77,93",Tinggi,"11,24",Tinggi,"15,44",Tinggi,"16.650,00",Tinggi,"84,99",Sangat Tinggi
Jawa Tengah,Kota Semarang,"77,9",Tinggi,"10,81",Tinggi,"15,55",Tinggi,"16.420,00",Tinggi,"84,43",Sangat Tinggi
Jawa Tengah,Kota Pekalongan,"74,6",Tinggi,"9,29",Sedang,"12,87",Tinggi,"14.056,00",Tinggi,"76,71",Tinggi
Jawa Tengah,Kota Tegal,"74,84",Tinggi,"9,24",Sedang,"13,18",Tinggi,"14.013,00",Tinggi,"77,02",Tinggi
DI Yogyakarta,Kulon Progo,"75,35",Tinggi,"9,18",Sedang,"14,48",Tinggi,"10.723,00",Tinggi,"75,79",Tinggi
DI Yogyakarta,Bantul,"74,64",Tinggi,"9,79",Sedang,"15,61",Tinggi,"16.524,00",Tinggi,"81,39",Sangat Tinggi
DI Yogyakarta,Gunung Kidul,"74,76",Tinggi,"7,32",Sedang,"13,39",Tinggi,"10.065,00",Tinggi,"71,24",Tinggi
DI Yogyakarta,Sleman,"75,26",Tinggi,"11,01",Tinggi,"16,77",Tinggi,"16.976,00",Tinggi,"84,77",Sangat Tinggi
DI Yogyakarta,Kota Yogyakarta,"75,52",Tinggi,"12,11",Tinggi,"17,62",Tinggi,"19.920,00",Tinggi,"88,28",Sangat Tinggi
Jawa Timur,Pacitan,"74,58",Tinggi,"7,88",Sedang,"12,68",Tinggi,"9.681,00",Sedang,"70,19",Tinggi
Jawa Timur,Ponorogo,"75,07",Tinggi,"7,78",Sedang,"13,77",Tinggi,"10.658,00",Tinggi,"72,5",Tinggi
Jawa Timur,Trenggalek,"75,16",Tinggi,"7,9",Sedang,"12,62",Tinggi,"10.465,00",Tinggi,"71,73",Tinggi
Jawa Timur,Tulungagung,"74,99",Tinggi,"8,66",Sedang,"13,34",Tinggi,"11.565,00",Tinggi,"74,61",Tinggi
Jawa Timur,Blitar,"75,12",Tinggi,"7,83",Sedang,"12,65",Tinggi,"11.499,00",Tinggi,"72,49",Tinggi
Jawa Timur,Kediri,"74,85",Tinggi,"8,24",Sedang,"13,62",Tinggi,"11.952,00",Tinggi,"73,96",Tinggi
Jawa Timur,Malang,"75,14",Tinggi,"7,75",Sedang,"13,48",Tinggi,"10.791,00",Tinggi,"72,16",Tinggi
Jawa Timur,Lumajang,"74,41",Tinggi,"7,14",Sedang,"12,16",Tinggi,"9.720,00",Sedang,"67,87",Sedang
Jawa Timur,Jember,"74,02",Tinggi,"6,52",Rendah,"13,49",Tinggi,"10.277,00",Tinggi,"68,64",Sedang
Jawa Timur,Banyuwangi,"73,93",Tinggi,"7,76",Sedang,"13,12",Tinggi,"12.820,00",Tinggi,"72,61",Tinggi
Jawa Timur,Bondowoso,"73,19",Tinggi,"6,36",Rendah,"13,32",Tinggi,"11.255,00",Tinggi,"67,99",Sedang
Jawa Timur,Situbondo,"73,22",Tinggi,"6,9",Rendah,"13,19",Tinggi,"10.702,00",Tinggi,"69,16",Sedang
Jawa Timur,Probolinggo,"73,8",Tinggi,"6,29",Rendah,"12,63",Tinggi,"11.756,00",Tinggi,"67,79",Sedang
Jawa Timur,Pasuruan,"74,41",Tinggi,"7,44",Sedang,"12,77",Tinggi,"11.239,00",Tinggi,"70,29",Tinggi
Jawa Timur,Sidoarjo,"75,36",Tinggi,"10,78",Tinggi,"14,97",Tinggi,"15.311,00",Tinggi,"81,55",Sangat Tinggi
Jawa Timur,Mojokerto,"74,74",Tinggi,"9,11",Sedang,"12,97",Tinggi,"13.467,00",Tinggi,"75,53",Tinggi
Jawa Timur,Jombang,"74,43",Tinggi,"8,77",Sedang,"13,59",Tinggi,"11.999,00",Tinggi,"74,6",Tinggi
Jawa Timur,Nganjuk,"74,43",Tinggi,"8,24",Sedang,"13,17",Tinggi,"12.821,00",Tinggi,"73,71",Tinggi
Jawa Timur,Madiun,"74,59",Tinggi,"7,95",Sedang,"13,23",Tinggi,"12.259,00",Tinggi,"72,97",Tinggi
Jawa Timur,Magetan,"75,19",Tinggi,"8,67",Sedang,"14,07",Tinggi,"12.495,00",Tinggi,"75,41",Tinggi
Jawa Timur,Ngawi,"75,01",Tinggi,"7,78",Sedang,"12,85",Tinggi,"11.897,00",Tinggi,"72,47",Tinggi
Jawa Timur,Bojonegoro,"74,72",Tinggi,"7,45",Sedang,"12,92",Tinggi,"10.776,00",Tinggi,"70,85",Tinggi
Jawa Timur,Tuban,"74,77",Tinggi,"7,4",Sedang,"12,27",Tinggi,"11.174,00",Tinggi,"70,34",Tinggi
Jawa Timur,Lamongan,"74,86",Tinggi,"8,34",Sedang,"14,02",Tinggi,"12.019,00",Tinggi,"74,53",Tinggi
Jawa Timur,Gresik,"74,24",Tinggi,"10,01",Tinggi,"13,97",Tinggi,"13.870,00",Tinggi,"77,98",Tinggi
Jawa Timur,Bangkalan,"73,29",Tinggi,"5,99",Rendah,"11,97",Sedang,"9.438,00",Sedang,"65,75",Sedang
Jawa Timur,Sampang,"73,49",Tinggi,"5,07",Rendah,"12,54",Tinggi,"9.363,00",Sedang,"64,13",Sedang
Jawa Timur,Pamekasan,"73,51",Tinggi,"7,15",Sedang,"13,68",Tinggi,"9.420,00",Sedang,"67,96",Sedang
Jawa Timur,Sumenep,"73,69",Tinggi,"5,94",Rendah,"13,58",Tinggi,"9.807,00",Sedang,"68,61",Sedang
Jawa Timur,Kota Kediri,"75,74",Tinggi,"10,69",Tinggi,"15,45",Tinggi,"13.276,00",Tinggi,"80,44",Sangat Tinggi
Jawa Timur,Kota Blitar,"74,97",Tinggi,"10,78",Tinggi,"14,57",Tinggi,"14.548,00",Tinggi,"80,63",Sangat Tinggi
Jawa Timur,Kota Malang,"75,32",Tinggi,"10,94",Tinggi,"15,77",Tinggi,"17.222,00",Tinggi,"83,39",Sangat Tinggi
Jawa Timur,Kota Probolinggo,"74,1",Tinggi,"9,56",Sedang,"13,73",Tinggi,"12.999,00",Tinggi,"75,43",Tinggi
Jawa Timur,Kota Pasuruan,"74,64",Tinggi,"9,78",Sedang,"13,66",Tinggi,"14.250,00",Tinggi,"77,17",Tinggi
Jawa Timur,Kota Mojokerto,"75,8",Tinggi,"11,05",Tinggi,"14,04",Tinggi,"14.422,00",Tinggi,"80,07",Sangat Tinggi
Jawa Timur,Kota Madiun,"75,4",Tinggi,"11,82",Tinggi,"14,44",Tinggi,"17.115,00",Tinggi,"82,71",Sangat Tinggi
Jawa Timur,Kota Surabaya,"75,82",Tinggi,"10,7",Tinggi,"14,85",Tinggi,"18.977,00",Tinggi,"83,45",Sangat Tinggi
Jawa Timur,Kota Batu,"75,14",Tinggi,"9,85",Sedang,"14,56",Tinggi,"13.603,00",Tinggi,"78,18",Tinggi
Banten,Pandeglang,"74,01",Tinggi,"7,15",Sedang,"13,73",Tinggi,"9.151,00",Sedang,"66,42",Sedang
Banten,Lebak,"73,8",Tinggi,"6,6",Rendah,"12,1",Tinggi,"9.130,00",Sedang,"65,21",Sedang
Banten,Tangerang,"75,18",Tinggi,"8,93",Sedang,"12,87",Tinggi,"12.749,00",Tinggi,"73,43",Tinggi
Banten,Serang,"74,62",Tinggi,"7,79",Sedang,"12,86",Tinggi,"11.320,00",Tinggi,"68,39",Sedang
Banten,Kota Tangerang,"75,3",Tinggi,"10,91",Tinggi,"13,89",Tinggi,"15.377,00",Tinggi,"79,46",Tinggi
Banten,Kota Cilegon,"74,81",Tinggi,"10,38",Tinggi,"13,21",Tinggi,"13.663,00",Tinggi,"74,54",Tinggi
Banten,Kota Serang,"75,13",Tinggi,"8,91",Sedang,"12,82",Tinggi,"14.088,00",Tinggi,"73,48",Tinggi
Banten,Kota Tangerang Selatan,"75,64",Tinggi,"11,85",Tinggi,"14,68",Tinggi,"16.225,00",Tinggi,"82,28",Sangat Tinggi
Bali,Jembrana,"74,84",Tinggi,"8,65",Sedang,"13,02",Tinggi,"12.236,00",Tinggi,"74,04",Tinggi
Bali,Tabanan,"75,41",Tinggi,"9,35",Sedang,"13,04",Tinggi,"14.832,00",Tinggi,"77,43",Tinggi
Bali,Badung,"75,73",Tinggi,"10,9",Tinggi,"14,22",Tinggi,"17.915,00",Tinggi,"83,08",Sangat Tinggi
Bali,Gianyar,"75,45",Tinggi,"9,8",Sedang,"14,09",Tinggi,"15.047,00",Tinggi,"79,24",Tinggi
Bali,Klungkung,"74,61",Tinggi,"8,48",Sedang,"13,12",Tinggi,"11.760,00",Tinggi,"73,11",Tinggi
Bali,Bangli,"73,98",Tinggi,"7,57",Sedang,"12,52",Tinggi,"11.670,00",Tinggi,"70,79",Tinggi
Bali,Karangasem,"73,93",Tinggi,"6,68",Rendah,"12,63",Tinggi,"10.753,00",Tinggi,"68,91",Sedang
Bali,Buleleng,"74,65",Tinggi,"7,57",Sedang,"13,27",Tinggi,"13.987,00",Tinggi,"73,97",Tinggi
Bali,Kota Denpasar,"75,59",Tinggi,"11,52",Tinggi,"14,11",Tinggi,"20.128,00",Tinggi,"84,73",Sangat Tinggi
Nusa Tenggara Barat,Lombok Barat,"72,37",Tinggi,"6,87",Rendah,"13,98",Tinggi,"11.960,00",Tinggi,"70,15",Tinggi
Nusa Tenggara Barat,Lombok Tengah,"71,39",Tinggi,"6,61",Rendah,"13,87",Tinggi,"10.948,00",Tinggi,"68,4",Sedang
Nusa Tenggara Barat,Lombok Timur,"71,72",Tinggi,"7,12",Sedang,"14,06",Tinggi,"10.152,00",Tinggi,"68,41",Sedang
Nusa Tenggara Barat,Sumbawa,"72,41",Tinggi,"8,52",Sedang,"13,24",Tinggi,"9.981,00",Sedang,"69,87",Sedang
Nusa Tenggara Barat,Dompu,"71,54",Tinggi,"8,97",Sedang,"13,83",Tinggi,"9.404,00",Sedang,"69,98",Sedang
Nusa Tenggara Barat,Bima,"71,65",Tinggi,"8,29",Sedang,"13,65",Tinggi,"8.963,00",Sedang,"68,28",Sedang
Nusa Tenggara Barat,Sumbawa Barat,"72,65",Tinggi,"8,98",Sedang,"13,66",Tinggi,"12.214,00",Tinggi,"73,17",Tinggi
Nusa Tenggara Barat,Lombok Utara,"71,26",Tinggi,"6,39",Rendah,"13,01",Tinggi,"9.785,00",Sedang,"66,62",Sedang
Nusa Tenggara Barat,Kota Mataram,"74,65",Tinggi,"9,56",Sedang,"15,67",Tinggi,"15.894,00",Tinggi,"80,09",Sangat Tinggi
Nusa Tenggara Barat,Kota Bima,"72,97",Tinggi,"10,95",Tinggi,"15,06",Tinggi,"11.740,00",Tinggi,"77,36",Tinggi
Nusa Tenggara Timur,Sumba Barat,"71,16",Tinggi,"6,92",Rendah,"13,26",Tinggi,"7.993,00",Rendah,"65,22",Sedang
Nusa Tenggara Timur,Sumba Timur,"71,31",Tinggi,"7,57",Sedang,"12,86",Tinggi,"10.008,00",Tinggi,"67,05",Sedang
Nusa Tenggara Timur,Kupang,"69,24",Sedang,"7,42",Sedang,"13,89",Tinggi,"8.220,00",Sedang,"65,82",Sedang
Nusa Tenggara Timur,Timor Tengah Selatan,"71,02",Tinggi,"6,97",Rendah,"12,61",Tinggi,"7.450,00",Rendah,"63,58",Sedang
Nusa Tenggara Timur,Timor Tengah Utara,"70,75",Tinggi,"8,16",Sedang,"13,35",Tinggi,"6.889,00",Rendah,"65,16",Sedang
Nusa Tenggara Timur,Belu,"73,97",Tinggi,"7,39",Sedang,"12,31",Tinggi,"7.907,00",Rendah,"63,83",Sedang
Nusa Tenggara Timur,Alor,"70,55",Tinggi,"8,45",Sedang,"12,28",Tinggi,"7.565,00",Rendah,"62,99",Sedang
Nusa Tenggara Timur,Lembata,73,Tinggi,"8,26",Sedang,"12,46",Tinggi,"7.962,00",Rendah,"66,12",Sedang
Nusa Tenggara Timur,Flores Timur,"73,57",Tinggi,"8,04",Sedang,"12,95",Tinggi,"8.223,00",Sedang,"65,79",Sedang
Nusa Tenggara Timur,Sikka,"73,97",Tinggi,"6,98",Rendah,"13,66",Tinggi,"8.678,00",Sedang,"66,89",Sedang
Nusa Tenggara Timur,Ende,"72,74",Tinggi,"8,2",Sedang,"13,82",Tinggi,"9.739,00",Sedang,"68,63",Sedang
Nusa Tenggara Timur,Ngada,"74,12",Tinggi,"8,82",Sedang,"12,74",Tinggi,"9.350,00",Sedang,"69,14",Sedang
Nusa Tenggara Timur,Manggarai,"72,2",Tinggi,"7,63",Sedang,"13,71",Tinggi,"7.903,00",Rendah,"66,42",Sedang
Nusa Tenggara Timur,Rote Ndao,"69,55",Sedang,"7,82",Sedang,"13,22",Tinggi,"7.061,00",Rendah,64,Sedang
Nusa Tenggara Timur,Manggarai Barat,"72,59",Tinggi,"7,94",Sedang,"12,53",Tinggi,"7.913,00",Rendah,"65,81",Sedang
Nusa Tenggara Timur,Sumba Tengah,"69,21",Sedang,7,Sedang,"13,13",Tinggi,"6.484,00",Rendah,"63,48",Sedang
Nusa Tenggara Timur,Sumba Barat Daya,"68,99",Sedang,"6,38",Rendah,"13,1",Tinggi,"7.080,00",Rendah,"63,74",Sedang
Nusa Tenggara Timur,Nagekeo,"72,24",Tinggi,"8,14",Sedang,"12,59",Tinggi,"8.706,00",Sedang,"67,07",Sedang
Nusa Tenggara Timur,Manggarai Timur,"72,79",Tinggi,"7,7",Sedang,"12,59",Tinggi,"6.276,00",Rendah,"63,24",Sedang
Nusa Tenggara Timur,Sabu Raijua,"66,46",Sedang,"6,98",Rendah,"13,18",Tinggi,"5.899,00",Rendah,"58,89",Rendah
Nusa Tenggara Timur,Malaka,"71,28",Tinggi,"7,13",Sedang,"12,82",Tinggi,"6.569,00",Rendah,"62,06",Sedang
Nusa Tenggara Timur,Kota Kupang,"74,66",Tinggi,"11,62",Tinggi,"16,44",Tinggi,"13.762,00",Tinggi,"80,62",Sangat Tinggi
Kalimantan Barat,Sambas,"74,02",Tinggi,"6,75",Rendah,"12,72",Tinggi,"11.057,00",Tinggi,"68,69",Sedang
Kalimantan Barat,Bengkayang,"74,2",Tinggi,"7,22",Sedang,"12,16",Tinggi,"9.859,00",Sedang,"69,53",Sedang
Kalimantan Barat,Landak,"73,95",Tinggi,"7,24",Sedang,"12,53",Tinggi,"8.423,00",Sedang,"68,14",Sedang
Kalimantan Barat,Mempawah,"74,04",Tinggi,"7,2",Sedang,"12,88",Tinggi,"8.690,00",Sedang,"67,92",Sedang
Kalimantan Barat,Sanggau,"74,01",Tinggi,"7,44",Sedang,"11,87",Sedang,"9.213,00",Sedang,"67,77",Sedang
Kalimantan Barat,Ketapang,"73,58",Tinggi,"7,55",Sedang,"11,96",Sedang,"9.984,00",Sedang,"68,68",Sedang
Kalimantan Barat,Sintang,"74,07",Tinggi,"7,64",Sedang,"12,3",Tinggi,"9.128,00",Sedang,"68,67",Sedang
Kalimantan Barat,Kapuas Hulu,"73,33",Tinggi,"7,82",Sedang,"12,2",Tinggi,"8.055,00",Sedang,"67,67",Sedang
Kalimantan Barat,Sekadau,"73,93",Tinggi,"7,13",Sedang,"11,92",Sedang,"7.981,00",Rendah,"66,33",Sedang
Kalimantan Barat,Melawi,"73,7",Tinggi,"7,42",Sedang,"11,34",Sedang,"9.155,00",Sedang,"67,76",Sedang
Kalimantan Barat,Kayong Utara,"72,17",Tinggi,"6,35",Rendah,"12,12",Tinggi,"8.594,00",Sedang,"64,79",Sedang
Kalimantan Barat,Kubu Raya,"73,27",Tinggi,"7,04",Sedang,"13,89",Tinggi,"9.605,00",Sedang,"69,6",Sedang
Kalimantan Barat,Kota Pontianak,"75,07",Tinggi,"10,45",Tinggi,"15,04",Tinggi,"15.632,00",Tinggi,"81,03",Sangat Tinggi
Kalimantan Barat,Kota Singkawang,"74,42",Tinggi,"8,21",Sedang,"12,94",Tinggi,"12.457,00",Tinggi,"73,39",Tinggi
Kalimantan Tengah,Kotawaringin Barat,"73,13",Tinggi,"8,66",Sedang,"12,77",Tinggi,"13.798,00",Tinggi,"74,04",Tinggi
Kalimantan Tengah,Kotawaringin Timur,"74,22",Tinggi,"8,17",Sedang,"12,88",Tinggi,"12.546,00",Tinggi,"72,21",Tinggi
Kalimantan Tengah,Kapuas,"72,75",Tinggi,"7,84",Sedang,"12,96",Tinggi,"11.829,00",Tinggi,"70,75",Tinggi
Kalimantan Tengah,Barito Selatan,"72,63",Tinggi,"9,13",Sedang,"12,8",Tinggi,"12.067,00",Tinggi,"71,65",Tinggi
Kalimantan Tengah,Barito Utara,"73,58",Tinggi,"8,91",Sedang,"12,54",Tinggi,"10.720,00",Tinggi,"71,84",Tinggi
Kalimantan Tengah,Sukamara,"74,12",Tinggi,"8,17",Sedang,"12,16",Tinggi,"9.494,00",Sedang,"69,44",Sedang
Kalimantan Tengah,Lamandau,"73,31",Tinggi,"8,67",Sedang,"12,52",Tinggi,"12.050,00",Tinggi,"71,81",Tinggi
Kalimantan Tengah,Seruyan,"73,09",Tinggi,8,Sedang,"12,03",Tinggi,"10.157,00",Tinggi,"68,68",Sedang
Kalimantan Tengah,Katingan,"73,98",Tinggi,"8,85",Sedang,"12,98",Tinggi,"11.399,00",Tinggi,"70,28",Tinggi
Kalimantan Tengah,Pulang Pisau,"72,97",Tinggi,"8,27",Sedang,"12,51",Tinggi,"10.752,00",Tinggi,"69,6",Sedang
Kalimantan Tengah,Gunung Mas,"73,31",Tinggi,"9,25",Sedang,"12,05",Tinggi,"11.462,00",Tinggi,"72,09",Tinggi
Kalimantan Tengah,Barito Timur,"72,04",Tinggi,"9,45",Sedang,"12,87",Tinggi,"12.083,00",Tinggi,"72,7",Tinggi
Kalimantan Tengah,Murung Raya,"73,23",Tinggi,"7,81",Sedang,"12,04",Tinggi,"11.053,00",Tinggi,"69,42",Sedang
Kalimantan Tengah,Kota Palangka Raya,"74,23",Tinggi,"11,65",Tinggi,"14,99",Tinggi,"14.727,00",Tinggi,"81,68",Sangat Tinggi
Kalimantan Selatan,Tanah Laut,"74,46",Tinggi,"7,92",Sedang,"12,41",Tinggi,"12.198,00",Tinggi,"70,98",Tinggi
Kalimantan Selatan,Kotabaru,"73,76",Tinggi,"7,55",Sedang,"12,07",Tinggi,"12.480,00",Tinggi,"70,18",Tinggi
Kalimantan Selatan,Banjar,"73,33",Tinggi,"7,94",Sedang,"13,03",Tinggi,"13.301,00",Tinggi,"71,46",Tinggi
Kalimantan Selatan,Barito Kuala,"72,28",Tinggi,"7,74",Sedang,"12,55",Tinggi,"10.750,00",Tinggi,"68,11",Sedang
Kalimantan Selatan,Tapin,"74,47",Tinggi,"8,05",Sedang,"12,33",Tinggi,"12.776,00",Tinggi,72,Tinggi
Kalimantan Selatan,Hulu Sungai Selatan,"72,52",Tinggi,"7,86",Sedang,"12,46",Tinggi,"13.743,00",Tinggi,"70,5",Tinggi
Kalimantan Selatan,Hulu Sungai Tengah,"72,33",Tinggi,"8,29",Sedang,"12,24",Tinggi,"12.782,00",Tinggi,"70,13",Tinggi
Kalimantan Selatan,Hulu Sungai Utara,"72,21",Tinggi,"7,77",Sedang,"13,19",Tinggi,"10.491,00",Tinggi,"67,66",Sedang
Kalimantan Selatan,Tabalong,"74,63",Tinggi,"9,14",Sedang,"12,91",Tinggi,"12.507,00",Tinggi,"73,85",Tinggi
Kalimantan Selatan,Tanah Bumbu,"74,28",Tinggi,"8,3",Sedang,"12,6",Tinggi,"12.516,00",Tinggi,"72,31",Tinggi
Kalimantan Selatan,Balangan,"73,69",Tinggi,"8,03",Sedang,"12,82",Tinggi,"11.888,00",Tinggi,"70,49",Tinggi
Kalimantan Selatan,Kota Banjarmasin,"74,88",Tinggi,"10,24",Tinggi,"13,97",Tinggi,"15.280,00",Tinggi,"78,5",Tinggi
Kalimantan Selatan,Kota Banjar Baru,"74,9",Tinggi,"10,99",Tinggi,"14,85",Tinggi,"14.524,00",Tinggi,"80,11",Sangat Tinggi
Kalimantan Timur,Paser,"73,89",Tinggi,"8,91",Sedang,"13,37",Tinggi,"11.651,00",Tinggi,"74,14",Tinggi
Kalimantan Timur,Kutai Barat,"73,73",Tinggi,"8,85",Sedang,"13,25",Tinggi,"11.291,00",Tinggi,"73,72",Tinggi
Kalimantan Timur,Kutai Kartanegara,"74,12",Tinggi,"9,26",Sedang,"13,64",Tinggi,"12.323,00",Tinggi,"75,3",Tinggi
Kalimantan Timur,Kutai Timur,"74,33",Tinggi,"9,45",Sedang,"13,01",Tinggi,"11.961,00",Tinggi,"74,98",Tinggi
Kalimantan Timur,Berau,"73,45",Tinggi,"9,56",Sedang,"13,36",Tinggi,"13.620,00",Tinggi,"76,21",Tinggi
Kalimantan Timur,Penajam Paser Utara,"74,03",Tinggi,"8,53",Sedang,"12,86",Tinggi,"12.517,00",Tinggi,"73,3",Tinggi
Kalimantan Timur,Mahakam Ulu,"73,44",Tinggi,"8,49",Sedang,"12,63",Tinggi,"8.696,00",Sedang,"69,59",Sedang
Kalimantan Timur,Kota Balikpapan,"75,64",Tinggi,"10,93",Tinggi,"14,24",Tinggi,"16.195,00",Tinggi,"81,66",Sangat Tinggi
Kalimantan Timur,Kota Samarinda,"75,27",Tinggi,"10,93",Tinggi,"15,39",Tinggi,"15.610,00",Tinggi,"82,32",Sangat Tinggi
Kalimantan Timur,Kota Bontang,"74,81",Tinggi,"10,92",Tinggi,"13,43",Tinggi,"17.659,00",Tinggi,"81,56",Sangat Tinggi
Kalimantan Utara,Malinau,"73,25",Tinggi,"9,43",Sedang,"13,34",Tinggi,"10.708,00",Tinggi,"73,19",Tinggi
Kalimantan Utara,Bulungan,"73,83",Tinggi,"9,21",Sedang,"13,04",Tinggi,"10.205,00",Tinggi,"72,72",Tinggi
Kalimantan Utara,Tana Tidung,"73,47",Tinggi,"9,04",Sedang,"12,39",Tinggi,"8.386,00",Sedang,"69,2",Sedang
Kalimantan Utara,Nunukan,"73,11",Tinggi,"8,26",Sedang,"12,68",Tinggi,"7.787,00",Rendah,"67,7",Sedang
Kalimantan Utara,Kota Tarakan,"74,24",Tinggi,"10,36",Tinggi,"14,21",Tinggi,"11.992,00",Tinggi,"77,53",Tinggi
Sulawesi Utara,Bolaang Mongondow,"71,94",Tinggi,"8,36",Sedang,"11,63",Sedang,"10.915,00",Tinggi,"69,62",Sedang
Sulawesi Utara,Minahasa,"74,96",Tinggi,"10,11",Tinggi,"14,18",Tinggi,"13.027,00",Tinggi,"76,96",Tinggi
Sulawesi Utara,Kepulauan Sangihe,"74,49",Tinggi,"8,64",Sedang,"12,6",Tinggi,"11.946,00",Tinggi,"72,22",Tinggi
Sulawesi Utara,Kepulauan Talaud,"73,25",Tinggi,"9,91",Sedang,"12,66",Tinggi,"9.146,00",Sedang,"71,14",Tinggi
Sulawesi Utara,Minahasa Selatan,"74,07",Tinggi,"9,41",Sedang,"12,99",Tinggi,"12.090,00",Tinggi,"73,66",Tinggi
Sulawesi Utara,Minahasa Utara,"74,5",Tinggi,"10,3",Tinggi,"13,07",Tinggi,"11.958,00",Tinggi,"75,31",Tinggi
Sulawesi Utara,Bolaang Mongondow Utara,"73,41",Tinggi,"8,58",Sedang,"12,38",Tinggi,"9.652,00",Sedang,"68,64",Sedang
Sulawesi Utara,Siau Tagulandang Biaro,"74,4",Tinggi,"9,25",Sedang,"12,03",Tinggi,"8.742,00",Sedang,"69,57",Sedang
Sulawesi Utara,Minahasa Tenggara,"73,11",Tinggi,"9,13",Sedang,"12,45",Tinggi,"11.034,00",Tinggi,"71,93",Tinggi
Sulawesi Utara,Bolaang Mongondow Selatan,"70,8",Tinggi,"8,17",Sedang,"12,33",Tinggi,"9.593,00",Sedang,"66,4",Sedang
Sulawesi Utara,Bolaang Mongondow Timur,"73,25",Tinggi,"8,27",Sedang,"11,9",Sedang,"9.741,00",Sedang,"67,95",Sedang
Sulawesi Utara,Kota Manado,"75,02",Tinggi,"11,44",Tinggi,"14,19",Tinggi,"14.822,00",Tinggi,"80,14",Sangat Tinggi
Sulawesi Utara,Kota Bitung,"74,22",Tinggi,"9,94",Sedang,"12,66",Tinggi,"12.954,00",Tinggi,"75,11",Tinggi
Sulawesi Utara,Kota Tomohon,"75,28",Tinggi,"10,99",Tinggi,"14,24",Tinggi,"12.488,00",Tinggi,"78,1",Tinggi
Sulawesi Utara,Kota Kotamobagu,"74,7",Tinggi,"10,33",Tinggi,"12,9",Tinggi,"11.452,00",Tinggi,"74,43",Tinggi
Sulawesi Tengah,Banggai Kepulauan,"67,35",Sedang,"8,62",Sedang,"13,09",Tinggi,"8.066,00",Sedang,"66,82",Sedang
Sulawesi Tengah,Banggai,"72,09",Tinggi,"8,63",Sedang,"13,34",Tinggi,"10.400,00",Tinggi,"71,7",Tinggi
Sulawesi Tengah,Morowali,71,Tinggi,"9,37",Sedang,"13,38",Tinggi,"11.708,00",Tinggi,"73,02",Tinggi
Sulawesi Tengah,Poso,"72,98",Tinggi,"9,53",Sedang,"13,74",Tinggi,"9.622,00",Sedang,"72,48",Tinggi
Sulawesi Tengah,Donggala,"70,52",Tinggi,"7,99",Sedang,"12,61",Tinggi,"8.766,00",Sedang,"66,95",Sedang
Sulawesi Tengah,Toli-Toli,"71,09",Tinggi,"8,77",Sedang,"13,04",Tinggi,"8.665,00",Sedang,"67,66",Sedang
Sulawesi Tengah,Buol,"71,06",Tinggi,"9,09",Sedang,"13,17",Tinggi,"8.678,00",Sedang,"69,57",Sedang
Sulawesi Tengah,Parigi Moutong,"68,62",Sedang,"8,04",Sedang,"12,51",Tinggi,"10.471,00",Tinggi,"67,11",Sedang
Sulawesi Tengah,Tojo Una-Una,"70,89",Tinggi,"8,51",Sedang,"12,37",Tinggi,"8.550,00",Sedang,"66,39",Sedang
Sulawesi Tengah,Sigi,"71,11",Tinggi,"9,03",Sedang,"13,05",Tinggi,"8.891,00",Sedang,"69,93",Sedang
Sulawesi Tengah,Banggai Laut,"70,75",Tinggi,"8,64",Sedang,"13,03",Tinggi,"8.470,00",Sedang,"66,93",Sedang
Sulawesi Tengah,Morowali Utara,"72,19",Tinggi,"8,94",Sedang,"12,29",Tinggi,"9.623,00",Sedang,"69,73",Sedang
Sulawesi Tengah,Kota Palu,"73,71",Tinggi,"11,74",Tinggi,"16,51",Tinggi,"15.501,00",Tinggi,"82,52",Sangat Tinggi
Sulawesi Selatan,Kepulauan Selayar,"73,27",Tinggi,"8,35",Sedang,"12,69",Tinggi,"9.830,00",Sedang,"69,2",Sedang
Sulawesi Selatan,Bulukumba,"74,01",Tinggi,"8,26",Sedang,"13,43",Tinggi,"11.392,00",Tinggi,"71,21",Tinggi
Sulawesi Selatan,Bantaeng,"72,67",Tinggi,"7,09",Sedang,"12,53",Tinggi,"12.304,00",Tinggi,"70,57",Tinggi
Sulawesi Selatan,Jeneponto,"73,81",Tinggi,7,Sedang,"12,12",Tinggi,"9.781,00",Sedang,"65,9",Sedang
Sulawesi Selatan,Takalar,"73,43",Tinggi,"7,66",Sedang,"12,49",Tinggi,"11.239,00",Tinggi,"68,9",Sedang
Sulawesi Selatan,Gowa,"74,03",Tinggi,"8,41",Sedang,"13,7",Tinggi,"10.233,00",Tinggi,"71,57",Tinggi
Sulawesi Selatan,Sinjai,"72,83",Tinggi,"7,8",Sedang,"13,26",Tinggi,"10.180,00",Tinggi,"68,92",Sedang
Sulawesi Selatan,Maros,"73,55",Tinggi,"8,03",Sedang,"13,5",Tinggi,"11.795,00",Tinggi,"71,63",Tinggi
Sulawesi Selatan,Pangkajene dan Kepulauan,"72,87",Tinggi,"8,31",Sedang,"12,8",Tinggi,"12.241,00",Tinggi,"70,59",Tinggi
Sulawesi Selatan,Barru,"72,57",Tinggi,"8,54",Sedang,"13,62",Tinggi,"11.712,00",Tinggi,"72,36",Tinggi
Sulawesi Selatan,Bone,"73,2",Tinggi,"7,54",Sedang,13,Tinggi,"9.682,00",Sedang,"67,81",Sedang
Sulawesi Selatan,Soppeng,"73,47",Tinggi,"8,27",Sedang,"13,21",Tinggi,"10.098,00",Tinggi,"70,58",Tinggi
Sulawesi Selatan,Wajo,"73,25",Tinggi,"7,45",Sedang,"13,31",Tinggi,"13.192,00",Tinggi,"71,1",Tinggi
Sulawesi Selatan,Sidenreng Rappang,"74,32",Tinggi,"8,2",Sedang,"13,02",Tinggi,"12.739,00",Tinggi,"72,71",Tinggi
Sulawesi Selatan,Pinrang,"74,47",Tinggi,"8,3",Sedang,"13,27",Tinggi,"12.559,00",Tinggi,"72,84",Tinggi
Sulawesi Selatan,Enrekang,"73,92",Tinggi,"8,94",Sedang,"13,87",Tinggi,"11.636,00",Tinggi,"73,89",Tinggi
Sulawesi Selatan,Luwu,"73,3",Tinggi,"8,73",Sedang,"13,41",Tinggi,"10.691,00",Tinggi,"72,16",Tinggi
Sulawesi Selatan,Tana Toraja,"74,63",Tinggi,"8,6",Sedang,"13,88",Tinggi,"8.017,00",Sedang,"70,73",Tinggi
Sulawesi Selatan,Luwu Utara,"73,56",Tinggi,"8,14",Sedang,"12,59",Tinggi,"12.513,00",Tinggi,"71,34",Tinggi
Sulawesi Selatan,Luwu Timur,"74,32",Tinggi,"8,93",Sedang,"13,01",Tinggi,"13.451,00",Tinggi,"74,35",Tinggi
Sulawesi Selatan,Toraja Utara,"74,88",Tinggi,"8,51",Sedang,"13,42",Tinggi,"8.871,00",Sedang,"71,23",Tinggi
Sulawesi Selatan,Kota Makasar,"75,15",Tinggi,"11,56",Tinggi,"15,61",Tinggi,"17.889,00",Tinggi,"83,52",Sangat Tinggi
Sulawesi Selatan,Kota Parepare,"74,44",Tinggi,"10,7",Tinggi,"14,54",Tinggi,"14.495,00",Tinggi,"79,03",Tinggi
Sulawesi Selatan,Kota Palopo,74,Tinggi,"11,13",Tinggi,"15,12",Tinggi,"13.892,00",Tinggi,"79,45",Tinggi
Sulawesi Tenggara,Buton,"70,36",Tinggi,"8,49",Sedang,"13,88",Tinggi,"7.995,00",Rendah,"68,12",Sedang
Sulawesi Tenggara,Muna,"71,56",Tinggi,"8,53",Sedang,"14,02",Tinggi,"8.703,00",Sedang,"70,16",Tinggi
Sulawesi Tenggara,Konawe,"72,78",Tinggi,"9,56",Sedang,"13,04",Tinggi,"10.963,00",Tinggi,"72,77",Tinggi
Sulawesi Tenggara,Kolaka,"73,54",Tinggi,"9,35",Sedang,"13,03",Tinggi,"13.055,00",Tinggi,"74,72",Tinggi
Sulawesi Tenggara,Konawe Selatan,"71,72",Tinggi,"8,51",Sedang,"12,78",Tinggi,"9.753,00",Sedang,"70,32",Tinggi
Sulawesi Tenggara,Bombana,"70,88",Tinggi,"8,07",Sedang,"11,9",Sedang,"9.132,00",Sedang,"67,43",Sedang
Sulawesi Tenggara,Wakatobi,"70,76",Tinggi,"8,51",Sedang,"13,52",Tinggi,"10.240,00",Tinggi,"71,43",Tinggi
Sulawesi Tenggara,Kolaka Utara,"70,62",Tinggi,"8,81",Sedang,"12,17",Tinggi,"11.020,00",Tinggi,"71,04",Tinggi
Sulawesi Tenggara,Buton Utara,"71,36",Tinggi,"9,12",Sedang,"13,17",Tinggi,"8.289,00",Sedang,"69,7",Sedang
Sulawesi Tenggara,Konawe Utara,"70,53",Tinggi,"9,6",Sedang,"13,12",Tinggi,"10.113,00",Tinggi,"71,71",Tinggi
Sulawesi Tenggara,Kolaka Timur,"73,11",Tinggi,"8,4",Sedang,"12,7",Tinggi,"8.520,00",Sedang,"69,57",Sedang
Sulawesi Tenggara,Konawe Kepulauan,"70,25",Tinggi,"9,45",Sedang,"12,54",Tinggi,"7.564,00",Rendah,"67,32",Sedang
Sulawesi Tenggara,Muna Barat,"71,17",Tinggi,"7,86",Sedang,"12,62",Tinggi,"8.076,00",Sedang,"67,13",Sedang
Sulawesi Tenggara,Buton Tengah,"70,37",Tinggi,"7,34",Sedang,"13,2",Tinggi,"8.003,00",Sedang,"65,83",Sedang
Sulawesi Tenggara,Buton Selatan,"70,14",Tinggi,"7,65",Sedang,"13,26",Tinggi,"7.936,00",Rendah,"66,15",Sedang
Sulawesi Tenggara,Kota Kendari,"75,34",Tinggi,"12,53",Tinggi,"16,91",Tinggi,"15.116,00",Tinggi,"84,85",Sangat Tinggi
Sulawesi Tenggara,Kota Baubau,"74,53",Tinggi,"11,02",Tinggi,"15,52",Tinggi,"11.207,00",Tinggi,"77,52",Tinggi
Gorontalo,Boalemo,"71,24",Tinggi,"7,3",Sedang,"12,48",Tinggi,"9.941,00",Sedang,"68,18",Sedang
Gorontalo,Gorontalo,"70,81",Tinggi,"7,79",Sedang,"13,21",Tinggi,"10.336,00",Tinggi,"69,09",Sedang
Gorontalo,Pohuwato,"69,4",Sedang,"7,59",Sedang,"12,46",Tinggi,"11.018,00",Tinggi,"67,15",Sedang
Gorontalo,Bone Bolango,"70,19",Tinggi,"8,35",Sedang,"13,67",Tinggi,"11.114,00",Tinggi,"71,51",Tinggi
Gorontalo,Gorontalo Utara,"69,65",Sedang,"7,17",Sedang,"12,49",Tinggi,"10.037,00",Tinggi,"66,61",Sedang
Gorontalo,Kota Gorontalo,"73,25",Tinggi,"10,4",Tinggi,"14,58",Tinggi,"13.351,00",Tinggi,"78,64",Tinggi
Sulawesi Barat,Majene,"70,06",Tinggi,"9,28",Sedang,"13,71",Tinggi,"10.462,00",Tinggi,"68,62",Sedang
Sulawesi Barat,Polewali Mandar,"70,82",Tinggi,"7,71",Sedang,"13,48",Tinggi,"9.096,00",Sedang,"65,59",Sedang
Sulawesi Barat,Mamasa,"72,16",Tinggi,"8,11",Sedang,"12,54",Tinggi,"8.108,00",Sedang,"67,83",Sedang
Sulawesi Barat,Mamuju,"71,79",Tinggi,"8,16",Sedang,"13,26",Tinggi,"10.075,00",Tinggi,"69,61",Sedang
Sulawesi Barat,Mamuju Utara / Pasangkayu,"70,09",Tinggi,"8,12",Sedang,"12,07",Tinggi,"11.649,00",Tinggi,"69,11",Sedang
Sulawesi Barat,Mamuju Tengah,"69,76",Sedang,"7,73",Sedang,"12,66",Tinggi,"8.821,00",Sedang,"67,45",Sedang
Maluku,Maluku Tenggara Barat / Kepulauan Tanimbar,"70,19",Tinggi,"9,91",Sedang,"12,33",Tinggi,"6.722,00",Rendah,"64,16",Sedang
Maluku,Maluku Tenggara,"70,71",Tinggi,"9,79",Sedang,"12,9",Tinggi,"8.174,00",Sedang,"67,57",Sedang
Maluku,Maluku Tengah,"70,83",Tinggi,"9,78",Sedang,"14,37",Tinggi,"10.788,00",Tinggi,"72,45",Tinggi
Maluku,Buru,"70,19",Tinggi,"9,01",Sedang,"13,23",Tinggi,"10.879,00",Tinggi,"70,56",Tinggi
Maluku,Kepulauan Aru,"70,27",Tinggi,"8,97",Sedang,"12,36",Tinggi,"8.133,00",Sedang,"65,01",Sedang
Maluku,Seram Bagian Barat,"70,88",Tinggi,"9,35",Sedang,"13,69",Tinggi,"9.324,00",Sedang,"67,56",Sedang
Maluku,Seram Bagian Timur,"68,33",Sedang,"8,82",Sedang,"12,91",Tinggi,"10.020,00",Tinggi,"65,82",Sedang
Maluku,Maluku Barat Daya,"69,3",Sedang,"8,92",Sedang,"12,7",Tinggi,"7.223,00",Rendah,"63,93",Sedang
Maluku,Buru Selatan,"70,11",Tinggi,"8,23",Sedang,"12,84",Tinggi,"8.108,00",Sedang,"66,23",Sedang
Maluku,Kota Ambon,"72,86",Tinggi,"12,22",Tinggi,"16,07",Tinggi,"14.692,00",Tinggi,"82,06",Sangat Tinggi
Maluku,Kota Tual,"71,32",Tinggi,"10,66",Tinggi,"14,01",Tinggi,"7.825,00",Rendah,"69,43",Sedang
Maluku Utara,Halmahera Barat,"70,46",Tinggi,"8,58",Sedang,"13,24",Tinggi,"8.046,00",Sedang,"66,91",Sedang
Maluku Utara,Halmahera Tengah,"70,19",Tinggi,"9,19",Sedang,"13,23",Tinggi,"8.675,00",Sedang,"67,48",Sedang
Maluku Utara,Kepulauan Sula,"68,54",Sedang,"9,04",Sedang,"12,97",Tinggi,"7.718,00",Rendah,"65,29",Sedang
Maluku Utara,Halmahera Selatan,"70,25",Tinggi,"8,17",Sedang,"13,03",Tinggi,"7.883,00",Rendah,"65,83",Sedang
Maluku Utara,Halmahera Utara,"71,74",Tinggi,"8,65",Sedang,"13,68",Tinggi,"8.152,00",Sedang,"69,05",Sedang
Maluku Utara,Halmahera Timur,"71,36",Tinggi,"8,66",Sedang,"12,87",Tinggi,"8.650,00",Sedang,"68,82",Sedang
Maluku Utara,Pulau Morotai,"70,81",Tinggi,"7,55",Sedang,"12,99",Tinggi,"7.141,00",Rendah,"64,73",Sedang
Maluku Utara,Pulau Taliabu,"67,04",Sedang,"7,97",Sedang,"12,87",Tinggi,"6.939,00",Rendah,"62,31",Sedang
Maluku Utara,Kota Ternate,"72,55",Tinggi,"12,07",Tinggi,"15,78",Tinggi,"14.042,00",Tinggi,"81,35",Sangat Tinggi
Maluku Utara,Kota Tidore Kepulauan,"72,2",Tinggi,"9,97",Sedang,"14,48",Tinggi,"9.034,00",Sedang,"72,4",Tinggi
Papua Barat,Fakfak,"71,44",Tinggi,"9,17",Sedang,"14,78",Tinggi,"7.851,00",Rendah,"69,72",Sedang
Papua Barat,Kaimana,"68,96",Sedang,"8,8",Sedang,"12,5",Tinggi,"8.749,00",Sedang,"66,72",Sedang
Papua Barat,Teluk Wondama,"65,32",Sedang,"7,27",Sedang,"11,9",Sedang,"8.490,00",Sedang,"61,67",Sedang
Papua Barat,Teluk Bintuni,"67,75",Sedang,"8,51",Sedang,"12,44",Tinggi,"10.324,00",Tinggi,66,Sedang
Papua Barat,Manokwari,"72,25",Tinggi,"8,54",Sedang,"13,78",Tinggi,"12.566,00",Tinggi,"73,21",Tinggi
Papua Barat,Sorong Selatan,"67,11",Sedang,"7,62",Sedang,"13,28",Tinggi,"6.727,00",Rendah,"63,94",Sedang
Papua Barat,Sorong,"69,88",Sedang,"8,61",Sedang,"13,92",Tinggi,"7.984,00",Rendah,"67,49",Sedang
Papua Barat,Raja Ampat,"66,98",Sedang,"8,24",Sedang,"12,11",Tinggi,"8.483,00",Sedang,"65,26",Sedang
Papua Barat,Tambrauw,"65,7",Sedang,"5,71",Rendah,"12,36",Tinggi,"5.302,00",Rendah,"55,55",Rendah
Papua Barat,Maybrat,"65,82",Sedang,"7,32",Sedang,"13,49",Tinggi,"5.669,00",Rendah,"61,29",Sedang
Papua Barat,Manokwari Selatan,"68,09",Sedang,"6,96",Rendah,"12,56",Tinggi,"5.948,00",Rendah,"61,55",Sedang
Papua Barat,Pegunungan Arfak,"67,71",Sedang,"5,51",Rendah,"11,79",Sedang,"5.438,00",Rendah,"57,82",Rendah
Papua Barat,Kota Sorong,"72,83",Tinggi,"11,5",Tinggi,"14,42",Tinggi,"14.133,00",Tinggi,"79,65",Tinggi
Papua,Merauke,"71,27",Tinggi,"9,25",Sedang,"14,47",Tinggi,"10.747,00",Tinggi,"72,19",Tinggi
Papua,Jayawijaya,"69,79",Sedang,"5,98",Rendah,"12,84",Tinggi,"8.159,00",Sedang,"60,5",Sedang
Papua,Jayapura,"70,23",Tinggi,"10,32",Tinggi,"14,58",Tinggi,"10.671,00",Tinggi,"73,5",Tinggi
Papua,Nabire,"69,82",Sedang,"10,33",Tinggi,"12,64",Tinggi,"9.381,00",Sedang,"70,84",Tinggi
Papua,Kepulauan Yapen,"70,72",Tinggi,"9,7",Sedang,"12,81",Tinggi,"8.091,00",Sedang,"69,11",Sedang
Papua,Biak Numfor,"70,75",Tinggi,"10,54",Tinggi,"14,22",Tinggi,"10.229,00",Tinggi,"73,46",Tinggi
Papua,Paniai,"69,49",Sedang,"4,79",Rendah,"10,53",Sedang,"6.977,00",Rendah,"57,91",Rendah
Papua,Puncak Jaya,"67,77",Sedang,"4,23",Rendah,"7,51",Rendah,"5.731,00",Rendah,"50,81",Rendah
Papua,Mimika,"72,83",Tinggi,"10,47",Tinggi,"12,96",Tinggi,"12.076,00",Tinggi,"75,91",Tinggi
Papua,Boven Digoel,"68,9",Sedang,"9,25",Sedang,"11,43",Sedang,"8.396,00",Sedang,"63,46",Sedang
Papua,Mappi,"66,23",Sedang,"6,95",Rendah,"11,04",Sedang,"6.821,00",Rendah,"60,57",Sedang
Papua,Asmat,"67,84",Sedang,"5,58",Rendah,"9,7",Sedang,"6.057,00",Rendah,"53,19",Rendah
Papua,Yahukimo,"66,42",Sedang,"4,34",Rendah,"8,04",Rendah,"5.351,00",Rendah,"51,19",Rendah
Papua,Pegunungan Bintang,"65,93",Sedang,"3,37",Rendah,"6,78",Rendah,"5.849,00",Rendah,"48,18",Rendah
Papua,Tolikara,"67,03",Sedang,"3,68",Rendah,"9,02",Sedang,"5.397,00",Rendah,"51,48",Rendah
Papua,Sarmi,"69,68",Sedang,"9,36",Sedang,"12,33",Tinggi,"7.204,00",Rendah,"65,8",Sedang
Papua,Keerom,"69,73",Sedang,"8,57",Sedang,"12,46",Tinggi,"9.545,00",Sedang,"68,08",Sedang
Papua,Waropen,"69,54",Sedang,"9,41",Sedang,"12,84",Tinggi,"7.335,00",Rendah,"66,46",Sedang
Papua,Supiori,"69,37",Sedang,"9,2",Sedang,"13,19",Tinggi,"6.259,00",Rendah,"64,61",Sedang
Papua,Mamberamo Raya,"68,75",Sedang,"6,28",Rendah,"11,83",Sedang,"5.105,00",Rendah,"54,08",Rendah
Papua,Nduga,"63,88",Rendah,"1,71",Rendah,"4,33",Rendah,"4.352,00",Rendah,"35,19",Rendah
Papua,Lanny Jaya,"67,19",Sedang,"3,71",Rendah,"9,27",Sedang,"4.751,00",Rendah,"50,56",Rendah
Papua,Mamberamo Tengah,"68,93",Sedang,"3,63",Rendah,"9,62",Sedang,"4.855,00",Rendah,"50,22",Rendah
Papua,Yalimo,"65,95",Sedang,"3,34",Rendah,"9,66",Sedang,"5.015,00",Rendah,"50,87",Rendah
Papua,Puncak,"66,77",Sedang,"2,19",Rendah,"5,59",Rendah,"5.975,00",Rendah,"44,59",Rendah
Papua,Dogiyai,"66,49",Sedang,"4,97",Rendah,"10,62",Sedang,"6.182,00",Rendah,"56,7",Rendah
Papua,Intan Jaya,"66,68",Sedang,"3,27",Rendah,"7,69",Rendah,"6.140,00",Rendah,"50,19",Rendah
Papua,Deiyai,"66,52",Sedang,"3,27",Rendah,"9,85",Sedang,"5.104,00",Rendah,"51,18",Rendah
Papua,Kota Jayapura,"71,76",Tinggi,"11,84",Tinggi,"15,26",Tinggi,"15.272,00",Tinggi,"81,14",Sangat Tinggi